{"cameraMode":{"drawMode":0,"name":"Shaded","section":"Shading Mode"},"sceneLighting":true,"audioPlay":false,"sceneViewState":{"m_AlwaysRefresh":false,"showFog":true,"showSkybox":true,"showFlares":true,"showImageEffects":true,"showParticleSystems":true,"showVisualEffectGraphs":true,"m_FxEnabled":true},"in2DMode":false,"pivot":{"x":466.4352722167969,"y":152.99722290039063,"z":184.73843383789063},"rotation":{"x":-0.2628990113735199,"y":-0.09331610053777695,"z":0.02555372193455696,"w":-0.9599630832672119},"size":20.934139251708986,"orthographic":false}