{"cameraMode":{"drawMode":0,"name":"Shaded","section":"Shading Mode"},"sceneLighting":true,"audioPlay":false,"sceneViewState":{"m_AlwaysRefresh":false,"showFog":true,"showSkybox":true,"showFlares":true,"showImageEffects":true,"showParticleSystems":true,"showVisualEffectGraphs":true,"m_FxEnabled":true},"in2DMode":false,"pivot":{"x":455.8518371582031,"y":29.834491729736329,"z":153.8944854736328},"rotation":{"x":-0.2589561939239502,"y":-0.07755940407514572,"z":0.020863724872469903,"w":-0.9625474810600281},"size":2.5944371223449709,"orthographic":false}